{"cameraMode":{"drawMode":0,"name":"Shaded","section":"Shading Mode"},"sceneLighting":true,"audioPlay":false,"sceneViewState":{"showFog":true,"showMaterialUpdate":false,"showSkybox":true,"showFlares":true,"showImageEffects":true,"showParticleSystems":true},"in2DMode":false,"pivot":{"x":5.655076026916504,"y":-0.2708554267883301,"z":-6.202338218688965},"rotation":{"x":0.21162912249565125,"y":0.4982418119907379,"z":-0.126856729388237,"w":0.831203043460846},"size":11.74764633178711,"orthographic":false}