{"cameraMode":{"drawMode":0,"name":"Shaded","section":"Shading Mode"},"sceneLighting":false,"audioPlay":false,"sceneViewState":{"showFog":true,"showMaterialUpdate":false,"showSkybox":false,"showFlares":true,"showImageEffects":true,"showParticleSystems":true},"in2DMode":false,"pivot":{"x":-0.00722813606262207,"y":1.1623592376708985,"z":-0.07997512817382813},"rotation":{"x":0.024710997939109803,"y":0.9739117622375488,"z":-0.13110226392745973,"w":0.18356968462467194},"size":3.089082717895508,"orthographic":false}